https://lccn.loc.gov/n2016016234	Indian School Service (U.S.)	
https://lccn.loc.gov/n2014035293	United States. Bureau of Indian Affairs. Office of Trust Services	United States. Bureau of Indian Affairs
https://lccn.loc.gov/n2014014726	United States. Bureau of Indian Affairs. Law and Order Section	United States. Bureau of Indian Affairs
https://lccn.loc.gov/n2012017452	United States. Superintendent of Indian Affairs for Oregon and Washington	United States
https://lccn.loc.gov/n2011082451	Fort Peck Boarding School	
https://lccn.loc.gov/no2011043266	United States. Bureau of Indian Affairs. Northwest Regional Office	United States. Bureau of Indian Affairs
https://lccn.loc.gov/no2010007114	United States. Bureau of Indian Affairs. Western Washington Indian Agency	United States. Bureau of Indian Affairs
https://lccn.loc.gov/no2009131451	United States. Bureau of Indian Affairs. Southern Paiute Field Office	United States. Bureau of Indian Affairs
https://lccn.loc.gov/no2009131450	United States. Bureau of Indian Affairs. Southern Ute Agency	United States. Bureau of Indian Affairs
https://lccn.loc.gov/no2009131449	United States. Bureau of Indian Affairs. Albuquerque Area Office. Branch of Roads	United States. Bureau of Indian Affairs. Albuquerque Area Office
https://lccn.loc.gov/no2009131448	United States. Bureau of Indian Affairs. Truxton Canon Agency	United States. Bureau of Indian Affairs
https://lccn.loc.gov/no2009131447	United States. Bureau of Indian Affairs. Wind River Agency	United States. Bureau of Indian Affairs
https://lccn.loc.gov/no2009131446	United States. Bureau of Indian Affairs. Sacramento Area Office. Branch of Roads	United States. Bureau of Indian Affairs. Sacramento Area Office
https://lccn.loc.gov/no2009094034	United States. Bureau of Indian Affairs. Eastern Nevada Agency	United States. Bureau of Indian Affairs
https://lccn.loc.gov/no2009094033	United States. Bureau of Indian Affairs. Red Lake Agency	United States. Bureau of Indian Affairs
https://lccn.loc.gov/no2009091821	United States. Bureau of Indian Affairs. Northern Pueblos Agency	United States. Bureau of Indian Affairs
https://lccn.loc.gov/no2009091698	United States. Bureau of Indian Affairs. Colorado River Agency	United States. Bureau of Indian Affairs
https://lccn.loc.gov/no2009091697	United States. Bureau of Indian Affairs. Salt River Agency	United States. Bureau of Indian Affairs
https://lccn.loc.gov/no2009091696	United States. Bureau of Indian Affairs. Fort Apache Agency	United States. Bureau of Indian Affairs
https://lccn.loc.gov/no2009091695	United States. Bureau of Indian Affairs. Laguna Agency	United States. Bureau of Indian Affairs
https://lccn.loc.gov/no2009090309	United States. Bureau of Indian Affairs. Michigan Agency	United States. Bureau of Indian Affairs
https://lccn.loc.gov/no2009090308	United States. Bureau of Indian Affairs. Fort Yuma Agency	United States. Bureau of Indian Affairs
https://lccn.loc.gov/no2009066462	United States. Bureau of Indian Affairs. Alaska Region. Branch of Regional Archeology	United States. Bureau of Indian Affairs. Alaska Region
https://lccn.loc.gov/no2009054333	United States. Bureau of Indian Affairs. ANCSA Office	United States. Bureau of Indian Affairs
https://lccn.loc.gov/no2009027904	Operation Dakota Peacekeeper	
https://lccn.loc.gov/no2008177268	United States. Bureau of Indian Affairs. Midwest Region	United States. Bureau of Indian Affairs
https://lccn.loc.gov/no2008163941	San Simon School (Sells, Ariz.)	
https://lccn.loc.gov/n2008075100	United States. Bureau of Indian Affairs. Alaska Region. Division of Environmental & Cultural Resource Management	United States. Bureau of Indian Affairs. Alaska Region
https://lccn.loc.gov/no2008152310	United States. Conservation Advisory Committee for the Navajo Reservation	United States
https://lccn.loc.gov/no2008097257	United States. Bureau of Indian Affairs. Five Civilized Tribes Agency	United States. Bureau of Indian Affairs
https://lccn.loc.gov/no2008058611	United States. Indian Irrigation Service	United States
https://lccn.loc.gov/no2008010282	United States. Bureau of Indian Affairs. Alaska Region. Office of Regional Archeology	United States. Bureau of Indian Affairs. Alaska Region
https://lccn.loc.gov/no2008010304	United States. Bureau of Indian Affairs. Alaska Region	United States. Bureau of Indian Affairs
https://lccn.loc.gov/no2007142438	United States. Bureau of Indian Affairs. Papago Agency	United States. Bureau of Indian Affairs
https://lccn.loc.gov/no2007134094	Phoenix Indian High School	
https://lccn.loc.gov/no2007133749	United States. Bureau of Indian Affairs. Seminole Agency	United States. Bureau of Indian Affairs
https://lccn.loc.gov/no2007102311	Cibecue Day School	
https://lccn.loc.gov/no2007088819	United States. Commission on Organization of the Executive Branch of the Government (1947-1949). Committee on Indian Affairs	United States. Commission on Organization of the Executive Branch of the Government (1947-1949)
https://lccn.loc.gov/no2007055779	United States. Bureau of Indian Affairs. Division of Tribal Government Services	United States. Bureau of Indian Affairs
https://lccn.loc.gov/n2007020256	United States. Bureau of Indian Affairs. Great Plains Regional Office	United States. Bureau of Indian Affairs
https://lccn.loc.gov/no2006132679	United States. Bureau of Indian Affairs. Pacific Regional Office	United States. Bureau of Indian Affairs
https://lccn.loc.gov/n2006165818	Tulalip Indian School (Wash.)	
https://lccn.loc.gov/no2006024589	United States. Bureau of Indian Affairs. Review Panel of the American Indian Art and Culture of the Institute of American Indian Arts	United States. Bureau of Indian Affairs
https://lccn.loc.gov/n2005170990	United States. Office of Indian Affairs. Skokomish Agency	United States. Office of Indian Affairs
https://lccn.loc.gov/no2003118331	Many Farms High School (Many Farms, Ariz.)	
https://lccn.loc.gov/no2003085113	United States. Bureau of Indian Affairs. Division of Evaluation, Research and Development for Teachers and Educators	United States. Bureau of Indian Affairs
https://lccn.loc.gov/no2003085112	United States. Bureau of Indian Affairs. Division of Program Review and Evaluation. Branch of Research for Teachers and Educators	United States. Bureau of Indian Affairs. Division of Program Review and Evaluation
	United States. Bureau of Indian Affairs. Division of Program Review and Evaluation	United States. Bureau of Indian Affairs
https://lccn.loc.gov/no2003085110	United States. Bureau of Indian Affairs. Division of Evaluation & Program Review. Branch of Research for Teachers and Educators	United States. Bureau of Indian Affairs. Division of Evaluation & Program Review
	United States. Bureau of Indian Affairs. Division of Evaluation & Program Review	United States. Bureau of Indian Affairs
https://lccn.loc.gov/nr2002007275	United States. Office of Indian Affairs. Great Nemaha Agency	United States. Office of Indian Affairs
https://lccn.loc.gov/no2002097978	United States. Bureau of Indian Affairs. Branch of Acknowledgment and Research	United States. Bureau of Indian Affairs
https://lccn.loc.gov/no2002050975	Navajo Service (U.S.)	
https://lccn.loc.gov/no2002002854	United States. Office of Indian Affairs. Cherokee Agency, West	United States. Office of Indian Affairs
https://lccn.loc.gov/no2002002851	United States. Office of Indian Affairs. Cherokee Agency, East	United States. Office of Indian Affairs
https://lccn.loc.gov/n2002135880	Sherman Institute (Riverside, Calif.)	
https://lccn.loc.gov/n2002110476	United States. Bureau of Indian Affairs. Pala Indian Agency	United States. Bureau of Indian Affairs
https://lccn.loc.gov/n2002080267	United States. Office of Indian Affairs. Flathead Agency	United States. Office of Indian Affairs
https://lccn.loc.gov/nr91040210	United States. Southern Indian Department	United States
https://lccn.loc.gov/nr91021401	Indian Trust Fund (U.S.)	
https://lccn.loc.gov/nr91016631	Salem Indian Training School (Chemawa, Salem, Or.)	
https://lccn.loc.gov/nr89001375	United States. Bureau of Indian Affairs. Osage Agency	United States. Bureau of Indian Affairs
https://lccn.loc.gov/no2001074079	United States. Bureau of Indian Affairs. Navajo Area Office. Branch of Roads	United States. Bureau of Indian Affairs. Navajo Area Office
https://lccn.loc.gov/no99066694	Na'Neelzhiin Ji Olta'	
https://lccn.loc.gov/no99065972	United States. Office of Indian Affairs. Shoshone Agency	United States. Office of Indian Affairs
https://lccn.loc.gov/no99014679	United States. Bureau of Indian Affairs. Office of Law Enforcement Services	United States. Bureau of Indian Affairs
https://lccn.loc.gov/no99014128	United States. Office of Indian Affairs. Apalachicola Agency	United States. Office of Indian Affairs
https://lccn.loc.gov/no99013704	United States. Office of Indian Affairs. Red River Agency	United States. Office of Indian Affairs
https://lccn.loc.gov/no99013447	United States. Office of Indian Affairs. Fort Leavenworth Agency	United States. Office of Indian Affairs
https://lccn.loc.gov/no99013381	United States. Office of Indian Affairs. Florida Superintendency	United States. Office of Indian Affairs
https://lccn.loc.gov/no99013194	United States. Office of Indian Affairs. Caddo Agency	United States. Office of Indian Affairs
https://lccn.loc.gov/no99013153	United States. Office of Indian Affairs. Arkansas Superintendency	United States. Office of Indian Affairs
https://lccn.loc.gov/no99000481	United States. Office of Indian Affairs. Creek Agency	United States. Office of Indian Affairs
https://lccn.loc.gov/no99000473	United States. Office of Indian Affairs. Cherokee Agency	United States. Office of Indian Affairs
https://lccn.loc.gov/no99000001	United States. Office of Indian Affairs. Chickasaw Agency	United States. Office of Indian Affairs
https://lccn.loc.gov/no98111400	United States. Office of Indian Affairs. Zuni Agency	United States. Office of Indian Affairs
https://lccn.loc.gov/no97048390	United States. Bureau of Indian Affairs. Great Lakes Agency	United States. Bureau of Indian Affairs
https://lccn.loc.gov/no97026784	United States. Bureau of Indian Affairs. Billings Area Office. Branch of Roads	United States. Bureau of Indian Affairs. Billings Area Office
https://lccn.loc.gov/no97015861	Rapid City Indian School	
https://lccn.loc.gov/no97005957	United States. Bureau of Indian Affairs. Higher Education Program	United States. Bureau of Indian Affairs
https://lccn.loc.gov/no96017880	Taos Day School (Taos, N.M.)	
https://lccn.loc.gov/no96014819	United States. Department of the Interior. Indian Division	United States. Department of the Interior
https://lccn.loc.gov/no96006570	United States. Department of the Interior. Office of Alcohol & Substance Abuse Prevention	United States. Department of the Interior
https://lccn.loc.gov/no96000169	United States. Office of Indian Affairs. Colville Agency	United States. Office of Indian Affairs
https://lccn.loc.gov/no95054867	United States. Office of Indian Affairs. Pueblo Agency	United States. Office of Indian Affairs
https://lccn.loc.gov/no95052475	United States. Office of Indian Affairs. Puyallup Consolidated Agency	United States. Office of Indian Affairs
https://lccn.loc.gov/no95052474	United States. Office of Indian Affairs. Puyallup Agency	United States. Office of Indian Affairs
https://lccn.loc.gov/no95048209	Creek Trading House	
https://lccn.loc.gov/no95047734	United States. Office of Indian Affairs. Red Wood Agency	United States. Office of Indian Affairs
https://lccn.loc.gov/no95047733	United States. Office of Indian Affairs. Yellow Medicine Agency	United States. Office of Indian Affairs
https://lccn.loc.gov/no95047008	United States. Office of Indian Affairs. Crow Creek and Lower Brulé Agency	United States. Office of Indian Affairs
https://lccn.loc.gov/no95045255	United States. Superintendent of Indian Schools	United States
https://lccn.loc.gov/no95045253	United States. Inspector of Indian Schools	United States
https://lccn.loc.gov/no95041971	United States. Commission to Investigate Certain Charges against Hon. E.P. Smith, the Commissioner of Indian Affairs	United States
https://lccn.loc.gov/no95036872	United States. Bureau of Indian Affairs. Office of Economic Development	United States. Bureau of Indian Affairs
https://lccn.loc.gov/no95035202	United States. Office of Indian Affairs. Tongue River Agency	United States. Office of Indian Affairs
https://lccn.loc.gov/no95035200	United States. Office of Indian Affairs. Cheyenne and Arapaho Agency	United States. Office of Indian Affairs
https://lccn.loc.gov/no95035199	United States. Office of Indian Affairs. Quapaw Agency	United States. Office of Indian Affairs
https://lccn.loc.gov/no95035176	United States. Office of Indian Affairs. Sault Ste. Marie Agency	United States. Office of Indian Affairs
https://lccn.loc.gov/no95029003	United States. Bureau of Indian Affairs. Office of Indian Education Programs. Branch of Monitoring & Evaluation	United States. Bureau of Indian Affairs. Office of Indian Education Programs
https://lccn.loc.gov/no95028951	United States. Office of Indian Affairs. Prairie du Chien Agency	United States. Office of Indian Affairs
https://lccn.loc.gov/no95022379	United States. Office of Indian Affairs. New Mexico Superintendency	United States. Office of Indian Affairs
https://lccn.loc.gov/no95022378	United States. Office of Indian Affairs. Navajo Agency	United States. Office of Indian Affairs
https://lccn.loc.gov/no95017878	United States. Office of Indian Affairs. Winnebago Agency	United States. Office of Indian Affairs
https://lccn.loc.gov/no95017877	United States. Office of Indian Affairs. Fort Belknap Agency	United States. Office of Indian Affairs
https://lccn.loc.gov/no95015701	United States. Office of Indian Affairs. Mackinac Agency	United States. Office of Indian Affairs
https://lccn.loc.gov/no94034403	United States. Office of Indian Affairs. Lemhi Agency	United States. Office of Indian Affairs
https://lccn.loc.gov/no94034219	United States. Office of Indian Affairs. Omaha and Winnebago Agency	United States. Office of Indian Affairs
https://lccn.loc.gov/no94029906	United States. Office of Indian Affairs. Umatilla Agency	United States. Office of Indian Affairs
https://lccn.loc.gov/no94028861	United States. Office of Indian Affairs. San Carlos Agency	United States. Office of Indian Affairs
https://lccn.loc.gov/no94028473	United States. Office of Indian Affairs. White Earth Agency	United States. Office of Indian Affairs
https://lccn.loc.gov/no94028470	United States. Office of Indian Affairs. Leech Lake Agency	United States. Office of Indian Affairs
https://lccn.loc.gov/no94027112	United States. Office of Indian Affairs. Union Agency	United States. Office of Indian Affairs
https://lccn.loc.gov/no94026551	United States. Office of Indian Affairs. Mescalero Agency	United States. Office of Indian Affairs
https://lccn.loc.gov/no94025024	United States. Office of Indian Affairs. Upper Arkansas Agency	United States. Office of Indian Affairs
https://lccn.loc.gov/no94023074	United States. Office of Indian Affairs. Sac and Fox Agency (Kan. and Okla.)	United States. Office of Indian Affairs
https://lccn.loc.gov/no94017993	United States. Office of Indian Affairs. Hoopa Valley Agency	United States. Office of Indian Affairs
https://lccn.loc.gov/no94017041	United States. Office of Indian Affairs. Colorado Superintendency	United States. Office of Indian Affairs
https://lccn.loc.gov/no94016779	United States. Office of Indian Affairs. Tulalip Agency	United States. Office of Indian Affairs
https://lccn.loc.gov/no94015937	United States. Office of Indian Affairs. Blackfeet Agency	United States. Office of Indian Affairs
https://lccn.loc.gov/no94014605	United States. Office of Indian Affairs. Pawnee Agency	United States. Office of Indian Affairs
https://lccn.loc.gov/no94011185	United States. Office of Indian Affairs. Otoe Agency	United States. Office of Indian Affairs
https://lccn.loc.gov/no94009318	United States. Office of Indian Affairs. Green Bay Agency	United States. Office of Indian Affairs
https://lccn.loc.gov/no94009299	United States. Office of Indian Affairs. St. Peters Agency	United States. Office of Indian Affairs
https://lccn.loc.gov/no94009050	United States. Bureau of Indian Affairs. Office of Public Information Staff	United States. Bureau of Indian Affairs
https://lccn.loc.gov/no94008348	United States. Office of Indian Affairs. Round Valley Agency	United States. Office of Indian Affairs
https://lccn.loc.gov/no94007163	United States. Office of Indian Affairs. Southern Ute Agency	United States. Office of Indian Affairs
https://lccn.loc.gov/no94007157	United States. Office of Indian Affairs. Los Pinos Agency	United States. Office of Indian Affairs
https://lccn.loc.gov/no94007134	United States. Office of Indian Affairs. Uintah Valley Agency	United States. Office of Indian Affairs
https://lccn.loc.gov/no94007079	United States. Office of Indian Affairs. White River Agency (Colo.)	United States. Office of Indian Affairs
https://lccn.loc.gov/no94003792	United States. Office of Indian Affairs. Western Superintendency	United States. Office of Indian Affairs
https://lccn.loc.gov/no94000501	United States. Office of Indian Affairs. Choctaw Agency	United States. Office of Indian Affairs
https://lccn.loc.gov/no93039261	United States. Office of Indian Affairs. Wichita Agency	United States. Office of Indian Affairs
https://lccn.loc.gov/no93039184	United States. Office of Indian Affairs. Kiowa Agency	United States. Office of Indian Affairs
https://lccn.loc.gov/no93037967	United States. Office of Indian Affairs. La Pointe Agency	United States. Office of Indian Affairs
https://lccn.loc.gov/no93037926	United States. Office of Indian Affairs. California Superintendency	United States. Office of Indian Affairs
https://lccn.loc.gov/no93037710	United States. Office of Indian Affairs. Sisseton Agency	United States. Office of Indian Affairs
https://lccn.loc.gov/no93037666	United States. Office of Indian Affairs. Red Lake Agency	United States. Office of Indian Affairs
https://lccn.loc.gov/no93036091	United States. Office of Indian Affairs. Nez Percé Agency	United States. Office of Indian Affairs
https://lccn.loc.gov/no93034295	United States. Office of Indian Affairs. Montana Superintendency	United States. Office of Indian Affairs
https://lccn.loc.gov/no93034292	United States. Office of Indian Affairs. Idaho Superintendency	United States. Office of Indian Affairs
https://lccn.loc.gov/no93034286	United States. Office of Indian Affairs. Arizona Superintendency	United States. Office of Indian Affairs
https://lccn.loc.gov/no93034284	United States. Office of Indian Affairs. Wisconsin Superintendency	United States. Office of Indian Affairs
https://lccn.loc.gov/no93034281	United States. Office of Indian Affairs. Washington Superintendency	United States. Office of Indian Affairs
https://lccn.loc.gov/no93034280	United States. Office of Indian Affairs. Utah Superintendency	United States. Office of Indian Affairs
https://lccn.loc.gov/no93034271	United States. Office of Indian Affairs. Southern Superintendency	United States. Office of Indian Affairs
https://lccn.loc.gov/no93034264	United States. Office of Indian Affairs. Oregon Superintendency	United States. Office of Indian Affairs
https://lccn.loc.gov/no93034254	United States. Office of Indian Affairs. Northern Superintendency	United States. Office of Indian Affairs
https://lccn.loc.gov/no93034251	United States. Office of Indian Affairs. Minnesota Superintendency	United States. Office of Indian Affairs
https://lccn.loc.gov/no93034247	United States. Office of Indian Affairs. Michigan Superintendency	United States. Office of Indian Affairs
https://lccn.loc.gov/no93033827	United States. Office of Indian Affairs. Mission Agency	United States. Office of Indian Affairs
https://lccn.loc.gov/no93033148	United States. Office of Indian Affairs. Upper Platte Agency	United States. Office of Indian Affairs
https://lccn.loc.gov/no93032837	United States. Office of Indian Affairs. Santee Sioux Agency	United States. Office of Indian Affairs
https://lccn.loc.gov/no93032833	United States. Office of Indian Affairs. Lower Brulé Agency	United States. Office of Indian Affairs
https://lccn.loc.gov/no93032812	United States. Office of Indian Affairs. Upper Missouri Agency	United States. Office of Indian Affairs
https://lccn.loc.gov/no93032790	United States. Office of Indian Affairs. Crow Creek Agency	United States. Office of Indian Affairs
https://lccn.loc.gov/no93032780	United States. Office of Indian Affairs. St. Louis Superintendency	United States. Office of Indian Affairs
https://lccn.loc.gov/no93031980	United States. Office of Indian Affairs. Ponca Agency	United States. Office of Indian Affairs
https://lccn.loc.gov/no93031917	United States. Office of Indian Affairs. Whetstone Agency	United States. Office of Indian Affairs
https://lccn.loc.gov/no93023669	United States. Bureau of Indian Affairs. Office of Indian Education Programs. Branch of Planning	United States. Bureau of Indian Affairs. Office of Indian Education Programs
https://lccn.loc.gov/no93023667	United States. Bureau of Indian Affairs. Office of Indian Education Programs. Planning, Oversight, and Evaluation	United States. Bureau of Indian Affairs. Office of Indian Education Programs
https://lccn.loc.gov/no93023192	United States. Office of Indian Affairs. Spotted Tail Agency	United States. Office of Indian Affairs
https://lccn.loc.gov/no93022649	United States. Office of Indian Affairs. Southern Apache Agency	United States. Office of Indian Affairs
https://lccn.loc.gov/no93022135	Joint Tribal/BIA/DOI Advisory Task Force on the Bureau of Indian Affairs Reorganization (U.S.)	
https://lccn.loc.gov/no93016194	United States. Bureau of Indian Affairs. Office of Indian Education Programs. Branch of Research & Policy Analysis	United States. Bureau of Indian Affairs. Office of Indian Education Programs
https://lccn.loc.gov/no93015840	United States. Office of Indian Affairs. Yankton Agency	United States. Office of Indian Affairs
https://lccn.loc.gov/no93013283	United States. Office of Indian Affairs. Osage Agency	United States. Office of Indian Affairs
https://lccn.loc.gov/no93010402	United States. Office of Indian Affairs. Red Cloud Agency	United States. Office of Indian Affairs
https://lccn.loc.gov/no92018884	United States. Bureau of Indian Affairs. Division of Energy and Mineral Resources	United States. Bureau of Indian Affairs
https://lccn.loc.gov/no92018072	San Carlos Indian Irrigation Project (U.S.)	
https://lccn.loc.gov/no92016292	United States. Bureau of Indian Affairs. Office for Equal Opportunity Programs	United States. Bureau of Indian Affairs
https://lccn.loc.gov/no92016291	United States. Bureau of Indian Affairs. Division of Personnel Management	United States. Bureau of Indian Affairs
https://lccn.loc.gov/no92007172	United States. National Native American Advisory Commission	United States
https://lccn.loc.gov/no91024299	United States. Office of Indian Affairs. Dakota Superintendency	United States. Office of Indian Affairs
https://lccn.loc.gov/no91006383	United States. Bureau of Indian Affairs. Northern California Agency	United States. Bureau of Indian Affairs
https://lccn.loc.gov/no90013880	Greasewood/Toyei Consolidated Boarding School	
https://lccn.loc.gov/no90013451	United States. Bureau of Indian Affairs. Nuum Agencym	United States. Bureau of Indian Affairs
https://lccn.loc.gov/no90002154	United States. Bureau of Indian Affairs. Office of Construction Management	United States. Bureau of Indian Affairs
https://lccn.loc.gov/no90000738	Indian Agriculture/Range Program (U.S.)	
https://lccn.loc.gov/no90000737	United States. Bureau of Indian Affairs. Division of Water and Land Resources	United States. Bureau of Indian Affairs
https://lccn.loc.gov/no89017564	United States. Bureau of Indian Affairs. Education Division	United States. Bureau of Indian Affairs
https://lccn.loc.gov/no89015069	United States. Bureau of Indian Affairs. Ute Mountain Ute Agency	United States. Bureau of Indian Affairs
https://lccn.loc.gov/no89012578	United States. Office of Indian Affairs. Alaska Division	United States. Office of Indian Affairs
https://lccn.loc.gov/no89012577	United States. Office of Indian Affairs. Alaska Section	United States. Office of Indian Affairs
https://lccn.loc.gov/no89011991	United States. Bureau of Indian Affairs. Office of Data Systems	United States. Bureau of Indian Affairs
https://lccn.loc.gov/no89005769	United States. Bureau of Indian Affairs. Office of Trust & Economic Development	United States. Bureau of Indian Affairs
https://lccn.loc.gov/no00026527	United States. Bureau of Indian Affairs. Geographic Data Service Center	United States. Bureau of Indian Affairs
https://lccn.loc.gov/n2001102382	United States. Bureau of Indian Affairs. Office of Tribal Services	United States. Bureau of Indian Affairs
https://lccn.loc.gov/n2001059442	United States. Office of Indian Affairs. Crow Wing Agency	United States. Office of Indian Affairs
https://lccn.loc.gov/n2001058937	United States. Office of Indian Affairs. Milk River Agency	United States. Office of Indian Affairs
https://lccn.loc.gov/n96046697	United States. Bureau of Indian Affairs. Juneau Area Office. Tribal Government Branch	United States. Bureau of Indian Affairs. Juneau Area Office
https://lccn.loc.gov/n94027336	United States. Office of Indian Affairs. Grand Ronde Agency	United States. Office of Indian Affairs
https://lccn.loc.gov/n94027314	United States. Office of Indian Affairs. Siletz Agency	United States. Office of Indian Affairs
https://lccn.loc.gov/n92089664	United States. Bureau of Indian Affairs. Division of Extension and Industry	United States. Bureau of Indian Affairs
https://lccn.loc.gov/n92089658	United States. Office of Indian Affairs. Division of Extension and Industry	United States. Office of Indian Affairs
https://lccn.loc.gov/n92065037	Bureau of Indian Affairs School (Bethel, Alaska)	
https://lccn.loc.gov/n91090001	Trust Counsel for Indian Assets (U.S.)	
https://lccn.loc.gov/n91070796	United States. Bureau of Indian Affairs. Branch of Forestry	United States. Bureau of Indian Affairs
https://lccn.loc.gov/n91070794	United States. Bureau of Indian Affairs. Branch of Forest and Range Management	United States. Bureau of Indian Affairs
https://lccn.loc.gov/n91070788	United States. Bureau of Indian Affairs. Division of Forestry and Grazing	United States. Bureau of Indian Affairs
https://lccn.loc.gov/n91070781	United States. Office of Indian Affairs. Division of Forestry and Grazing	United States. Office of Indian Affairs
https://lccn.loc.gov/n91070779	United States. Office of Indian Affairs. Forestry Branch	United States. Office of Indian Affairs
https://lccn.loc.gov/n89119006	United States. Bureau of Indian Affairs. Minneapolis Area. Branch of Roads	United States. Bureau of Indian Affairs. Minneapolis Area
https://lccn.loc.gov/n88600452	United States. Office of Indian Affairs. Central Superintendency	United States. Office of Indian Affairs
https://lccn.loc.gov/n88274072	United States. Office of Indian Affairs. Standing Rock Agency	United States. Office of Indian Affairs
https://lccn.loc.gov/n88274071	United States. Office of Indian Affairs. Grand River Agency	United States. Office of Indian Affairs
https://lccn.loc.gov/n88224229	United States. Bureau of Indian Affairs. Alaska Native Service	United States. Bureau of Indian Affairs
https://lccn.loc.gov/n88057089	United States. Water Policy Implementation Interagency Task Force	United States
https://lccn.loc.gov/n88023172	United States. Bureau of Indian Affairs. Central California Agency	United States. Bureau of Indian Affairs
https://lccn.loc.gov/n88023122	United States. Bureau of Indian Affairs. Area Land Operations (Sacramento, Calif.)	United States. Bureau of Indian Affairs
https://lccn.loc.gov/n87832805	United States. Bureau of Indian Affairs. Intergovernmental Relations Office	United States. Bureau of Indian Affairs
https://lccn.loc.gov/n87822966	United States. Bureau of Indian Affairs. Branch of Roads	United States. Bureau of Indian Affairs
https://lccn.loc.gov/n87808354	Ulimakat Nuum Agencym Mumighquqhvigani (Nome, Alaska)	
https://lccn.loc.gov/n86861701	United States. Bureau of Indian Affairs. Phoenix Area Office. Division of Education	United States. Bureau of Indian Affairs. Phoenix Area Office
https://lccn.loc.gov/n86803409	United States. Bureau of Indian Affairs. Navajo Area Office. Sanostee-Toadlena Title VII Project	United States. Bureau of Indian Affairs. Navajo Area Office
https://lccn.loc.gov/n86138963	Navajo Nation/National Park Service Team (U.S.)	
https://lccn.loc.gov/n86135291	United States. Bureau of Indian Affairs. Division of Forestry	United States. Bureau of Indian Affairs
https://lccn.loc.gov/n86135258	United States. Bureau of Indian Affairs. Phoenix Area Office. Branch of Roads	United States. Bureau of Indian Affairs. Phoenix Area Office
https://lccn.loc.gov/n86096200	United States. Bureau of Indian Affairs. Juneau Area Office. Branch of Education	United States. Bureau of Indian Affairs. Juneau Area Office
https://lccn.loc.gov/n86096186	United States. Office of Indian Affairs. Fort Hall Agency	United States. Office of Indian Affairs
https://lccn.loc.gov/n86096185	United States. Bureau of Indian Affairs. Yakima Agency	United States. Bureau of Indian Affairs
https://lccn.loc.gov/n86096184	United States. Office of Indian Affairs. Yakima Agency	United States. Office of Indian Affairs
https://lccn.loc.gov/n86096165	United States. Office of Indian Affairs. Grand Ronde-Siletz Agency	United States. Office of Indian Affairs
https://lccn.loc.gov/n86096164	United States. Office of Indian Affairs. Klamath Agency	United States. Office of Indian Affairs
https://lccn.loc.gov/n86096163	United States. Bureau of Indian Affairs. Warm Springs Agency	United States. Bureau of Indian Affairs
https://lccn.loc.gov/n86096162	United States. Office of Indian Affairs. Warm Springs Agency	United States. Office of Indian Affairs
https://lccn.loc.gov/n86096161	United States. Office of Indian Affairs. Field Service	United States. Office of Indian Affairs
https://lccn.loc.gov/n86096158	United States. Bureau of Indian Affairs. Aberdeen Area Office. Branch of Land Operations	United States. Bureau of Indian Affairs. Aberdeen Area Office
https://lccn.loc.gov/n86096149	United States. Office of Indian Affairs. Fort Totten Agency	United States. Office of Indian Affairs
https://lccn.loc.gov/n86085539	United States. Office of Indian Affairs. Consolidated Chippewa Agency	United States. Office of Indian Affairs
https://lccn.loc.gov/n86085501	Bilingual Materials Development Center (United States. Bureau of Indian Affairs. Crow Agency)	
https://lccn.loc.gov/n86054700	United States. Bureau of Indian Affairs. Crow Agency	United States. Bureau of Indian Affairs
https://lccn.loc.gov/n86054529	United States. Office of Indian Affairs. Education Branch	United States. Office of Indian Affairs
https://lccn.loc.gov/n86054526	United States. Office of Indian Affairs. Pine Ridge Agency	United States. Office of Indian Affairs
https://lccn.loc.gov/n86054525	United States. Office of Indian Affairs. Education Division	United States. Office of Indian Affairs
https://lccn.loc.gov/n86054512	United States. Bureau of Indian Affairs. Aberdeen Area Office. Branch of Projects and Industrial Development	United States. Bureau of Indian Affairs. Aberdeen Area Office
https://lccn.loc.gov/n86054511	United States. Bureau of Indian Affairs. Pierre Agency	United States. Bureau of Indian Affairs
https://lccn.loc.gov/n86054507	United States. Bureau of Indian Affairs. Portland Area Office. Branch of Industrial Development	United States. Bureau of Indian Affairs. Portland Area Office
https://lccn.loc.gov/n85817507	United States. Bureau of Indian Affairs. Southern California Agency	United States. Bureau of Indian Affairs
https://lccn.loc.gov/n85328030	United States. Office of Indian Affairs. Agricultural Economics Unit	United States. Office of Indian Affairs
https://lccn.loc.gov/n85328029	United States. Office of Indian Affairs. Irrigation Division	United States. Office of Indian Affairs
https://lccn.loc.gov/n85317261	United States. Bureau of Indian Affairs. Branch of Land Operations	United States. Bureau of Indian Affairs
https://lccn.loc.gov/n85317255	United States. Bureau of Indian Affairs. Minneapolis Area	United States. Bureau of Indian Affairs
https://lccn.loc.gov/n85317225	United States. Bureau of Indian Affairs. Portland Area Office. Branch of Land Services	United States. Bureau of Indian Affairs. Portland Area Office
https://lccn.loc.gov/n85317224	United States. Bureau of Indian Affairs. Portland Area Office. Branch of Land Operations	United States. Bureau of Indian Affairs. Portland Area Office
https://lccn.loc.gov/n85317222	United States. Bureau of Indian Affairs. Jicarilla Agency	United States. Bureau of Indian Affairs
https://lccn.loc.gov/n85317221	United States. Bureau of Indian Affairs. Albuquerque Area Office. Branch of Land Operations	United States. Bureau of Indian Affairs. Albuquerque Area Office
https://lccn.loc.gov/n85317220	United States. Bureau of Indian Affairs. Billings Area Office. Branch of Land Operations	United States. Bureau of Indian Affairs. Billings Area Office
https://lccn.loc.gov/n85317219	United States. Bureau of Indian Affairs. Billings Area Office. Branch of Land and Minerals	United States. Bureau of Indian Affairs. Billings Area Office
https://lccn.loc.gov/n85246489	United States. Intermountain Evaluation Task Force	United States
https://lccn.loc.gov/n85246473	San Juan Day School (N.M.)	
https://lccn.loc.gov/n85246430	Bethel Regional Library/Media Center (Alaska)	
https://lccn.loc.gov/n85246429	United States. Bureau of Indian Affairs. Bethel Agency	United States. Bureau of Indian Affairs
https://lccn.loc.gov/n85246428	United States. Bureau of Indian Affairs. Division of Facilities Engineering	United States. Bureau of Indian Affairs
https://lccn.loc.gov/n85246419	United States. Bureau of Indian Affairs. Eastern Area Office	United States. Bureau of Indian Affairs
https://lccn.loc.gov/n85246416	United States. Bureau of Indian Affairs. Contracting Office	United States. Bureau of Indian Affairs
https://lccn.loc.gov/n85246365	United States. Bureau of Indian Affairs. Early Childhood Education	United States. Bureau of Indian Affairs
https://lccn.loc.gov/n85194217	United States. Bureau of Indian Affairs. Division of Real Estate Services	United States. Bureau of Indian Affairs
https://lccn.loc.gov/n85166976	United States. American Indian Policy Review Commission. Task Force Three, Federal Administration and Structure of Indian Affairs	United States. American Indian Policy Review Commission
https://lccn.loc.gov/n85166876	United States. Bureau of Indian Affairs. Southern Pueblos Agency	United States. Bureau of Indian Affairs
https://lccn.loc.gov/n85159012	United States. Bureau of Indian Affairs. United Pueblos Agency	United States. Bureau of Indian Affairs
https://lccn.loc.gov/n85088388	United States. BIA Reorganization Task Force	United States
https://lccn.loc.gov/n85088384	Arkansas Riverbed Project (U.S.)	
https://lccn.loc.gov/n85088201	United States. Bureau of Indian Affairs. Aberdeen Area Office. Branch of Real Property Management	United States. Bureau of Indian Affairs. Aberdeen Area Office
https://lccn.loc.gov/n85075403	United States. Bureau of Indian Affairs. Division of Economic Development	United States. Bureau of Indian Affairs
https://lccn.loc.gov/n85062214	United States. Bureau of Indian Affairs. Chinle Agency. District 11	United States. Bureau of Indian Affairs. Chinle Agency
https://lccn.loc.gov/n85062213	United States. Bureau of Indian Affairs. Chinle Agency	United States. Bureau of Indian Affairs
https://lccn.loc.gov/n85007029	United States. Indian Trade Department	United States
https://lccn.loc.gov/n85000427	United States. Bureau of Indian Affairs. Sacramento Indian Agency	United States. Bureau of Indian Affairs
https://lccn.loc.gov/n85000420	United States. Bureau of Indian Affairs. Billings Area Office. Division of Resources Development	United States. Bureau of Indian Affairs. Billings Area Office
https://lccn.loc.gov/n85000416	United States. Bureau of Indian Affairs. Billings Area Office. Division of Programs	United States. Bureau of Indian Affairs. Billings Area Office
https://lccn.loc.gov/n85000414	United States. Bureau of Indian Affairs. Sacramento Area Office	United States. Bureau of Indian Affairs
https://lccn.loc.gov/n85000393	United States. Bureau of Indian Affairs. Public Affairs	United States. Bureau of Indian Affairs
https://lccn.loc.gov/n85000271	United States. Bureau of Indian Affairs. Billings Area Office. Branch of Real Estate Appraisal	United States. Bureau of Indian Affairs. Billings Area Office
https://lccn.loc.gov/n85000243	United States. Bureau of Indian Affairs. Division of Trust Facilitation	United States. Bureau of Indian Affairs
https://lccn.loc.gov/n85000234	United States. Bureau of Indian Affairs. Fort Berthold Agency	United States. Bureau of Indian Affairs
https://lccn.loc.gov/n85000130	United States. Bureau of Indian Affairs. Juneau Area Office. Section of Financial Assistance	United States. Bureau of Indian Affairs. Juneau Area Office
https://lccn.loc.gov/n84232606	Fort Peck Irrigation Project (U.S.)	
https://lccn.loc.gov/n84149206	United States. Department of the Interior. Office of the Assistant Secretary-Indian Affairs	United States. Department of the Interior
https://lccn.loc.gov/n84131946	United States. Bureau of Indian Affairs. Fort Hall Agency	United States. Bureau of Indian Affairs
https://lccn.loc.gov/n84131428	Flathead Indian Reservation Irrigation and Power Project (U.S.)	
https://lccn.loc.gov/n84130504	United States. Bureau of Indian Affairs. Task Force on the Functions and Organization of the Central Office of Education Programs	United States. Bureau of Indian Affairs
https://lccn.loc.gov/n84111588	United States. Office of Indian Affairs. Seminole Indian Agency	United States. Office of Indian Affairs
https://lccn.loc.gov/n84111430	Pueblo of Laguna Project	
https://lccn.loc.gov/n84111102	United States. Bureau of Indian Affairs. Eastern Navajo Area Office	United States. Bureau of Indian Affairs
https://lccn.loc.gov/n84047379	United States. Bureau of Indian Affairs. Branch of Federal Acknowledgment	United States. Bureau of Indian Affairs
https://lccn.loc.gov/n84025921	Choctaw Trading House	
https://lccn.loc.gov/n83206989	United States. Bureau of Indian Affairs. Division of Elementary and Secondary Education. Chapter I	United States. Bureau of Indian Affairs. Division of Elementary and Secondary Education
https://lccn.loc.gov/n83206990	United States. Bureau of Indian Affairs. Division of Elementary and Secondary Education	United States. Bureau of Indian Affairs
https://lccn.loc.gov/n83206988	Education Services Center (Brigham City, Utah)	
https://lccn.loc.gov/n83206970	United States. Office of Indian Affairs. Rosebud Agency	United States. Office of Indian Affairs
https://lccn.loc.gov/n83206887	United States. Assistant Secretary of Indian Affairs	United States
https://lccn.loc.gov/n83206875	Chaco Culture Interagency Management Group	
https://lccn.loc.gov/n83191486	United States. Office of Indian Affairs. Potawatomi Agency	United States. Office of Indian Affairs
https://lccn.loc.gov/n83191485	United States. Office of Indian Affairs. Rocky Boy's Agency	United States. Office of Indian Affairs
https://lccn.loc.gov/n83191484	United States. Office of Indian Affairs. Fort Berthold Agency	United States. Office of Indian Affairs
https://lccn.loc.gov/n83191483	United States. Office of Indian Affairs. Taholah Indian Agency	United States. Office of Indian Affairs
https://lccn.loc.gov/n83191482	United States. Office of Indian Affairs. Western Shoshone Agency	United States. Office of Indian Affairs
https://lccn.loc.gov/n83191481	United States. Office of Indian Affairs. Cherokee Indian Agency (N.C.)	United States. Office of Indian Affairs
https://lccn.loc.gov/n83191479	United States. Office of Indian Affairs. Hopi Agency	United States. Office of Indian Affairs
https://lccn.loc.gov/n83191285	United States. Anadarko Area Office of Indian Education Programs	United States
https://lccn.loc.gov/n83191283	United States. Bureau of Indian Affairs. Anadarko Area Office	United States. Bureau of Indian Affairs
https://lccn.loc.gov/n83191116	United States. Bureau of Indian Affairs. Standing Rock Agency	United States. Bureau of Indian Affairs
https://lccn.loc.gov/n83191115	United States. Office of Indian Affairs. Crow Indian Agency	United States. Office of Indian Affairs
https://lccn.loc.gov/n83191114	Standing Rock Reservation Planning Board	
https://lccn.loc.gov/n83191104	United States. Office of Indian Affairs. Cheyenne Agency	United States. Office of Indian Affairs
https://lccn.loc.gov/n83191010	United States. Office of Indian Affairs. Fort Peck Agency	United States. Office of Indian Affairs
https://lccn.loc.gov/n83155199	United States. Bureau of Indian Affairs. Navajo Land Selection E.I.S. Task Force	United States. Bureau of Indian Affairs
https://lccn.loc.gov/n83138961	United States. Office of Indian Affairs. Sacramento Indian Agency	United States. Office of Indian Affairs
https://lccn.loc.gov/n83138915	United States. Bureau of Indian Affairs. Judicial Services	United States. Bureau of Indian Affairs
https://lccn.loc.gov/n83138879	United States. Office of Indian Affairs. Menominee Indian Agency	United States. Office of Indian Affairs
https://lccn.loc.gov/n83138878	United States. Office of Indian Affairs. Jicarilla Agency	United States. Office of Indian Affairs
https://lccn.loc.gov/n83070278	United States. Office of Indian Affairs. Tomah Agency	United States. Office of Indian Affairs
https://lccn.loc.gov/n83070277	United States. Office of Indian Affairs. Wind River Indian Agency	United States. Office of Indian Affairs
https://lccn.loc.gov/n83070276	United States. Office of Indian Affairs. Consolidated Ute Agency	United States. Office of Indian Affairs
https://lccn.loc.gov/n83070275	United States. Office of Indian Affairs. Shawnee Agency	United States. Office of Indian Affairs
https://lccn.loc.gov/n83070274	United States. Office of Indian Affairs. Uintah and Ouray Agency	United States. Office of Indian Affairs
https://lccn.loc.gov/n82277949	United States. Bureau of Indian Affairs. Branch of Plant Management. Field Technical Office	United States. Bureau of Indian Affairs. Branch of Plant Management
https://lccn.loc.gov/n82277950	United States. Bureau of Indian Affairs. Branch of Plant Management	United States. Bureau of Indian Affairs
https://lccn.loc.gov/n82228558	United States. Bureau of Indian Affairs. Navajo Area Office. Branch of Land Operations	United States. Bureau of Indian Affairs. Navajo Area Office
https://lccn.loc.gov/n82206297	United States. Bureau of Indian Affairs. Hopi Agency	United States. Bureau of Indian Affairs
https://lccn.loc.gov/n82206256	United States. Office of Indian Affairs. United Pueblos Agency. Land Division	United States. Office of Indian Affairs. United Pueblos Agency
https://lccn.loc.gov/n82206255	United States. Office of Indian Affairs. United Pueblos Agency	United States. Office of Indian Affairs
https://lccn.loc.gov/n83125651	United States. Office of Indian Affairs	United States
https://lccn.loc.gov/n82200267	United States. Bureau of Indian Affairs. Office of Indian Education Programs	United States. Bureau of Indian Affairs
https://lccn.loc.gov/n82200266	United States. Bureau of Indian Affairs. Office of Education Programs. Research and Cultural Studies Development Section	United States. Bureau of Indian Affairs. Office of Education Programs
https://lccn.loc.gov/n82200006	United States. Bureau of Indian Affairs. Mescalero Agency	United States. Bureau of Indian Affairs
https://lccn.loc.gov/n82200005	United States. Bureau of Indian Affairs. Gallup Area Office	United States. Bureau of Indian Affairs
https://lccn.loc.gov/n82166375	United States. Bureau of Indian Affairs. Consolidated Ute Agency	United States. Bureau of Indian Affairs
https://lccn.loc.gov/n82165589	Mountain Village Day School	
https://lccn.loc.gov/n82163424	Phoenix Indian School	
https://lccn.loc.gov/n82162793	United States. Bureau of Indian Affairs. Advisory Committee for Exceptional Children	United States. Bureau of Indian Affairs
https://lccn.loc.gov/n82159358	United States. Bureau of Indian Affairs. Office of Education Programs. Division of Internal Services	United States. Bureau of Indian Affairs. Office of Education Programs
https://lccn.loc.gov/n82159354	United States. Bureau of Indian Affairs. Branch of Specialized School Services	United States. Bureau of Indian Affairs
https://lccn.loc.gov/n82159352	United States. Bureau of Indian Affairs. Division of Pupil Personnel Services	United States. Bureau of Indian Affairs
https://lccn.loc.gov/n82159333	United States. Bureau of Indian Affairs. Branch of Education. Central Office Staff	United States. Bureau of Indian Affairs. Branch of Education
https://lccn.loc.gov/n82153881	United States. Bureau of Indian Affairs. Uintah and Ouray Agency	United States. Bureau of Indian Affairs
https://lccn.loc.gov/n82150957	Instructional Service Center (United States. Bureau of Indian Affairs)	
https://lccn.loc.gov/n82143441	United States. Tribal Administrative and Accounting Services	United States
https://lccn.loc.gov/n82138770	United States. Bureau of Indian Affairs. Branch of Education. Field Technical Unit	United States. Bureau of Indian Affairs. Branch of Education
https://lccn.loc.gov/n82138769	United States. Bureau of Indian Affairs. Branch of Education	United States. Bureau of Indian Affairs
https://lccn.loc.gov/n82136671	United States. Bureau of Indian Affairs. Office of Technical Assistance and Training	United States. Bureau of Indian Affairs
https://lccn.loc.gov/n82136665	United States. Task Force on Indian Affairs	United States
https://lccn.loc.gov/n82136622	United States. Bureau of Indian Affairs. Muskogee Area Office	United States. Bureau of Indian Affairs
https://lccn.loc.gov/n82117410	United States. Bureau of Indian Affairs. Aberdeen Area Office. Cultural Arts Curriculum Development Center	United States. Bureau of Indian Affairs. Aberdeen Area Office
https://lccn.loc.gov/n82112448	United States. Bureau of Indian Affairs. Division of Education	United States. Bureau of Indian Affairs
https://lccn.loc.gov/n82112263	United States. Bureau of Indian Affairs. Division of Curriculum Development & Review	United States. Bureau of Indian Affairs
https://lccn.loc.gov/n82112262	United States. Bureau of Indian Affairs. Division of Instructional Services	United States. Bureau of Indian Affairs
https://lccn.loc.gov/n82108312	Bureau of Indian Affairs School (Kotzebue, Alaska)	
https://lccn.loc.gov/n82105887	Southwestern Indian Polytechnic Institute	
https://lccn.loc.gov/n82097903	United States. Bureau of Indian Affairs. Juneau Area Office. Division of Education	United States. Bureau of Indian Affairs. Juneau Area Office
https://lccn.loc.gov/n82092698	United States. Bureau of Indian Affairs. Juneau Area Office. Rights Protection Branch	United States. Bureau of Indian Affairs. Juneau Area Office
https://lccn.loc.gov/n82093730	United States. Bureau of Indian Affairs. Juneau Area Office	United States. Bureau of Indian Affairs
https://lccn.loc.gov/n82089525	United States. Bureau of Indian Affairs. San Carlos Agency	United States. Bureau of Indian Affairs
https://lccn.loc.gov/n82087400	United States. Bureau of Indian Affairs. Hoopa Agency	United States. Bureau of Indian Affairs
https://lccn.loc.gov/n82076300	United States. Bureau of Indian Affairs. Library	United States. Bureau of Indian Affairs
https://lccn.loc.gov/n82066082	United States. Bureau of Indian Affairs. Division of Law Enforcement Services	United States. Bureau of Indian Affairs
https://lccn.loc.gov/n82055806	United States. Bureau of Indian Affairs. Special Operation Services	United States. Bureau of Indian Affairs
https://lccn.loc.gov/n82008506	United States. Bureau of Indian Affairs. Aberdeen Area Office. Office of Educational Services	United States. Bureau of Indian Affairs. Aberdeen Area Office
https://lccn.loc.gov/n82005754	United States. Bureau of Indian Affairs. Aberdeen Area Office	United States. Bureau of Indian Affairs
https://lccn.loc.gov/n81148668	United States. Bureau of Indian Affairs. Navajo Area Education Office. Division of Exceptional Programs	United States. Bureau of Indian Affairs. Navajo Area Education Office
https://lccn.loc.gov/n82008071	United States. Bureau of Indian Affairs. Navajo Area Education Office	United States. Bureau of Indian Affairs
https://lccn.loc.gov/n81139876	United States. Bureau of Indian Affairs. Phoenix Area Office	United States. Bureau of Indian Affairs
https://lccn.loc.gov/n81131904	United States. Bureau of Indian Affairs. Billings Area Office	United States. Bureau of Indian Affairs
https://lccn.loc.gov/n81009705	United States. Bureau of Indian Affairs. Portland Area Office	United States. Bureau of Indian Affairs
https://lccn.loc.gov/n81005436	United States. San Juan Basin Regional Uranium Study	United States
https://lccn.loc.gov/n80147112	United States. Bureau of Indian Affairs. Federal Acknowledgment Project	United States. Bureau of Indian Affairs
https://lccn.loc.gov/n80115469	Haskell Institute	
https://lccn.loc.gov/n80094689	United States. Bureau of Indian Affairs. Congressional and Legislative Affairs Staff	United States. Bureau of Indian Affairs
https://lccn.loc.gov/n80058047	U.S. Indian Police Training Center	
https://lccn.loc.gov/n80021782	United States. Bureau of Indian Affairs. Office of Trust Responsibilities	United States. Bureau of Indian Affairs
https://lccn.loc.gov/n80017170	United States. Bureau of Indian Affairs. Albuquerque Area Office. Division of Education	United States. Bureau of Indian Affairs. Albuquerque Area Office
https://lccn.loc.gov/n80017167	United States. Bureau of Indian Affairs. Albuquerque Area Office	United States. Bureau of Indian Affairs
https://lccn.loc.gov/n79147194	United States. Bureau of Indian Affairs. Office of Education Programs	United States. Bureau of Indian Affairs
https://lccn.loc.gov/n79117063	United States. Bureau of Indian Affairs. Branch of Credit and Financing	United States. Bureau of Indian Affairs
https://lccn.loc.gov/n79117062	United States. Bureau of Indian Affairs. Division of Financial Assistance	United States. Bureau of Indian Affairs
https://lccn.loc.gov/n79117061	United States. Bureau of Indian Affairs. Division of Credit and Financing	United States. Bureau of Indian Affairs
https://lccn.loc.gov/n79075458	United States. Bureau of Indian Affairs. Navajo Area Office. Education Division	United States. Bureau of Indian Affairs. Navajo Area Office
https://lccn.loc.gov/n82009736	United States. Bureau of Indian Affairs. Navajo Area Office	United States. Bureau of Indian Affairs
https://lccn.loc.gov/n79039873	Missouri River Basin Investigations Project	
https://lccn.loc.gov/n79039872	United States. Bureau of Indian Affairs. Planning Support Group	United States. Bureau of Indian Affairs
https://lccn.loc.gov/n79030074	United States. Bureau of Indian Affairs. Information Service	United States. Bureau of Indian Affairs
https://lccn.loc.gov/n78082560	United States. Bureau of Indian Affairs. Social Services	United States. Bureau of Indian Affairs
https://lccn.loc.gov/n78014467	United States. Division of Indian Affairs	United States
https://lccn.loc.gov/n77001242	United States. Bureau of Indian Affairs. Division of Transportation	United States. Bureau of Indian Affairs
https://lccn.loc.gov/n79071198	United States. Bureau of Indian Affairs	United States
https://lccn.loc.gov/n50067298	United States. Indian Arts and Crafts Board	United States
