https://lccn.loc.gov/no2015081318	Bridgehead (Program)	
https://lccn.loc.gov/n81134432	Center for the Study of Intelligence (U.S.)	
https://lccn.loc.gov/no95005483	Center for the Study of Intelligence (U.S.). History Staff	Center for the Study of Intelligence (U.S.)
https://lccn.loc.gov/n2012019776	Contra Program (Central Intelligence Agency)	
https://lccn.loc.gov/no2002072834	Global Fiducials Program (Geological Survey)	
https://lccn.loc.gov/no92007280	NIS (U.S.)	
https://lccn.loc.gov/n77017943	National Foreign Assessment Center (U.S.)	
https://lccn.loc.gov/n82142031	National Foreign Assessment Center (U.S.). Office of Economic Research	National Foreign Assessment Center (U.S.)
https://lccn.loc.gov/no94040897	National Intelligence Council (U.S.)	
https://lccn.loc.gov/n97004526	Project Corona (U.S.)	
https://lccn.loc.gov/no00033152	United States. Assistant Director of Central Intelligence for Administration	United States
https://lccn.loc.gov/n79099301	United States. Central Intelligence Agency	United States
https://lccn.loc.gov/n90656886	United States. Central Intelligence Agency. Board of National Estimates	United States. Central Intelligence Agency
https://lccn.loc.gov/no99068115	United States. Central Intelligence Agency. Cartography Center	United States. Central Intelligence Agency
https://lccn.loc.gov/n96048731	United States. Central Intelligence Agency. Conflict Issues Division	United States. Central Intelligence Agency
https://lccn.loc.gov/no98101984	United States. Central Intelligence Agency. Deputy Director (Plans)	United States. Central Intelligence Agency
https://lccn.loc.gov/n2002125172	United States. Central Intelligence Agency. Design Center	United States. Central Intelligence Agency
https://lccn.loc.gov/n81013468	United States. Central Intelligence Agency. Directorate of Intelligence	United States. Central Intelligence Agency
https://lccn.loc.gov/no96066405	United States. Central Intelligence Agency. Directorate of Intelligence. Office of Political Research	United States. Central Intelligence Agency. Directorate of Intelligence
https://lccn.loc.gov/no99069588	United States. Central Intelligence Agency. Directorate of Operations	United States. Central Intelligence Agency
https://lccn.loc.gov/n2001000485	United States. Central Intelligence Agency. Directorate of Science and Technology	United States. Central Intelligence Agency
https://lccn.loc.gov/no98117954	United States. Central Intelligence Agency. Environmental Program	United States. Central Intelligence Agency
https://lccn.loc.gov/n97049690	United States. Central Intelligence Agency. Family Advisory Board	United States. Central Intelligence Agency
https://lccn.loc.gov/n96048722	United States. Central Intelligence Agency. Geographic Resources Division	United States. Central Intelligence Agency
https://lccn.loc.gov/no98117958	United States. Central Intelligence Agency. Government Applications Task Force	United States. Central Intelligence Agency
https://lccn.loc.gov/no2011041860	United States. Central Intelligence Agency. Historical Collections Division	United States. Central Intelligence Agency
https://lccn.loc.gov/n90629064	United States. Central Intelligence Agency. Historical Staff	United States. Central Intelligence Agency
https://lccn.loc.gov/n90629069	United States. Central Intelligence Agency. History Staff	United States. Central Intelligence Agency
https://lccn.loc.gov/no2011178615	United States. Central Intelligence Agency. Information Management Services	United States. Central Intelligence Agency
https://lccn.loc.gov/n88284864	United States. Central Intelligence Agency. Inspector General	United States. Central Intelligence Agency
https://lccn.loc.gov/n79010548	United States. Central Intelligence Agency. Map Branch	United States. Central Intelligence Agency
https://lccn.loc.gov/n97114233	United States. Central Intelligence Agency. Map Division	United States. Central Intelligence Agency
https://lccn.loc.gov/n93083022	United States. Central Intelligence Agency. New Economic Institutions Branch	United States. Central Intelligence Agency
https://lccn.loc.gov/n93083028	United States. Central Intelligence Agency. New Economic Institutions Branch. Economic Performance Division	United States. Central Intelligence Agency. New Economic Institutions Branch
https://lccn.loc.gov/n83030113	United States. Central Intelligence Agency. Office of Basic and Geographic Intelligence	United States. Central Intelligence Agency
https://lccn.loc.gov/no2007122121	United States. Central Intelligence Agency. Office of Current Intelligence	United States. Central Intelligence Agency
https://lccn.loc.gov/n79123947	United States. Central Intelligence Agency. Office of Economic Research	United States. Central Intelligence Agency
https://lccn.loc.gov/n92005761	United States. Central Intelligence Agency. Office of General Counsel	United States. Central Intelligence Agency
https://lccn.loc.gov/no89016122	United States. Central Intelligence Agency. Office of Global Issues	United States. Central Intelligence Agency
https://lccn.loc.gov/no2013057472	United States. Central Intelligence Agency. Office of Personnel	United States. Central Intelligence Agency
https://lccn.loc.gov/no93003636	United States. Central Intelligence Agency. Office of Public and Agency Information	United States. Central Intelligence Agency
https://lccn.loc.gov/nr93050218	United States. Central Intelligence Agency. Office of Research and Development	United States. Central Intelligence Agency
https://lccn.loc.gov/no96045420	United States. Central Intelligence Agency. Office of Research and Reports	United States. Central Intelligence Agency
https://lccn.loc.gov/n2007001395	United States. Central Intelligence Agency. Office of Russian and European Analysis	United States. Central Intelligence Agency
https://lccn.loc.gov/no2011179092	United States. Central Intelligence Agency. Office of Scientific Intelligence	United States. Central Intelligence Agency
https://lccn.loc.gov/n93083013	United States. Central Intelligence Agency. Office of Slavic and Eurasian Analysis	United States. Central Intelligence Agency
https://lccn.loc.gov/no94027201	United States. Central Intelligence Agency. Office of Slavic and Eurasian Analysis. Economic Division	United States. Central Intelligence Agency. Office of Slavic and Eurasian Analysis
https://lccn.loc.gov/n87852104	United States. Central Intelligence Agency. Office of Soviet Analysis	United States. Central Intelligence Agency
https://lccn.loc.gov/no98121194	United States. Central Intelligence Agency. Office of Support Services	United States. Central Intelligence Agency
https://lccn.loc.gov/no2004060998	United States. Central Intelligence Agency. Office of Transnational Issues	United States. Central Intelligence Agency
https://lccn.loc.gov/no98121195	United States. Central Intelligence Agency. Printing & Photography Group	United States. Central Intelligence Agency
https://lccn.loc.gov/no93003631	United States. Central Intelligence Agency. Public Affairs Office	United States. Central Intelligence Agency
https://lccn.loc.gov/n2016017489	United States. Central Intelligence Agency. Publications Review Board	United States. Central Intelligence Agency
https://lccn.loc.gov/n81028048	United States. Central Intelligence Group	United States
https://lccn.loc.gov/no96040440	United States. Community Open Source Program Office	United States
https://lccn.loc.gov/n2002119204	United States. DCI Counterterrorist Center	United States
https://lccn.loc.gov/no00033154	United States. Deputy Director of Central Intelligence for Community Management	United States
https://lccn.loc.gov/no2002085465	United States. Director of Central Intelligence Environmental Center	United States
https://lccn.loc.gov/n80165382	United States. Foreign Broadcast Information Service	United States
https://lccn.loc.gov/n95077674	United States. Joint Task Force on Intelligence and Law Enforcement	United States
https://lccn.loc.gov/n81035167	United States. National Intelligence Authority	United States
https://lccn.loc.gov/no2010164081	United States. Office of Geographic and Cartographic Research	United States
https://lccn.loc.gov/n2002026487	United States. War Department. Strategic Services Unit	United States. War Department
https://lccn.loc.gov/no2011179120	Weapons Intelligence, Nonproliferation, and Arms Control Center (U.S.)	
