https://lccn.loc.gov/n78095778	United States Commission on Civil Rights	
https://lccn.loc.gov/n81011864	United States Commission on Civil Rights. New Hampshire Advisory Committee	United States Commission on Civil Rights
https://lccn.loc.gov/n81061573	United States Commission on Civil Rights. Maryland Advisory Committee	United States Commission on Civil Rights
https://lccn.loc.gov/n81074975	United States Commission on Civil Rights. West Virginia Advisory Committee	United States Commission on Civil Rights
https://lccn.loc.gov/n81074976	United States Commission on Civil Rights. New Jersey Advisory Committee	United States Commission on Civil Rights
https://lccn.loc.gov/n81093828	United States Commission on Civil Rights. Virginia Advisory Committee	United States Commission on Civil Rights
https://lccn.loc.gov/n82115628	United States Commission on Civil Rights. Wisconsin State Committee	United States Commission on Civil Rights
https://lccn.loc.gov/n83004278	United States Commission on Civil Rights. Vermont Advisory Committee	United States Commission on Civil Rights
https://lccn.loc.gov/n91065746	United States Commission on Civil Rights. Forum	United States Commission on Civil Rights
https://lccn.loc.gov/n93006274	United States Commission on Civil Rights. Wisconsin Advisory Committee	United States Commission on Civil Rights
https://lccn.loc.gov/n2001100698	United States Commission on Civil Rights. Rhode Island Advisory Committee	United States Commission on Civil Rights
https://lccn.loc.gov/no97040697	United States Commission on Civil Rights. Midwestern Regional Office	United States Commission on Civil Rights
https://lccn.loc.gov/no97040698	United States Commission on Civil Rights. Southern Regional Office	United States Commission on Civil Rights
https://lccn.loc.gov/no97040700	United States Commission on Civil Rights. Eastern Regional Office	United States Commission on Civil Rights
https://lccn.loc.gov/no97072011	Equal Educational Opportunity Project (U.S.)	
https://lccn.loc.gov/no98108117	United States Commission on Civil Rights. Central Regional Office	United States Commission on Civil Rights
https://lccn.loc.gov/no98129094	United States Commission on Civil Rights. Public Affairs Unit	United States Commission on Civil Rights
https://lccn.loc.gov/no99005801	United States Commission on Civil Rights. Delaware Advisory Committee	United States Commission on Civil Rights
https://lccn.loc.gov/no2003011186	United States Commission on Civil Rights. Office of Civil Rights Evaluation	United States Commission on Civil Rights
https://lccn.loc.gov/no2003114315	United States Commission on Civil Rights. Office of the General Counsel	United States Commission on Civil Rights
https://lccn.loc.gov/n2011081844	United States Commission on Civil Rights. Northeast Regional Office	United States Commission on Civil Rights
