https://lccn.loc.gov/n87143903	Child Care Food Program (U.S.)	
https://lccn.loc.gov/n79019395	Child Nutrition Programs (U.S.)	
https://lccn.loc.gov/no2015132341	Disaster Supplemental Nutrition Assistance Program (U.S.)	
https://lccn.loc.gov/no2001085730	Emergency Food Assistance Program (U.S.)	
https://lccn.loc.gov/no2007134253	Family Food Donation Program (U.S.)	
https://lccn.loc.gov/n84001372	Family Nutrition Programs (U.S.)	
https://lccn.loc.gov/n00065802	Food Distribution Program on Indian Reservations (U.S.)	
https://lccn.loc.gov/no2002006437	Food Stamp Program (U.S.)	
https://lccn.loc.gov/no2014046739	Let's Move! (Campaign : U.S.)	
https://lccn.loc.gov/n90695569	National Advisory Council on Commodity Distribution (U.S.)	
https://lccn.loc.gov/no2002028037	Special Nutrition Programs (U.S.)	
https://lccn.loc.gov/n81020578	Special Supplemental Food Program for Women, Infants, and Children (U.S.)	
https://lccn.loc.gov/no2002001382	Summer Food Service Program (U.S.)	
https://lccn.loc.gov/no2009120735	Supplemental Nutrition Assistance Program (U.S.)	
https://lccn.loc.gov/no96014210	Team Nutrition (Program : U.S.)	
https://lccn.loc.gov/n82036005	United States. Child Nutrition Division	United States
https://lccn.loc.gov/no95011927	United States. Department of Agriculture. Food and Consumer Service	United States. Department of Agriculture
https://lccn.loc.gov/no95061064	United States. Department of Agriculture. Food and Consumer Service. Contract Management Branch	United States. Department of Agriculture. Food and Consumer Service
https://lccn.loc.gov/no95058486	United States. Department of Agriculture. Food and Consumer Service. Nutrition and Technical Services Division	United States. Department of Agriculture. Food and Consumer Service
https://lccn.loc.gov/no95044059	United States. Department of Agriculture. Food and Consumer Service. Office of Analysis and Evaluation	United States. Department of Agriculture. Food and Consumer Service
https://lccn.loc.gov/no96040167	United States. Department of Agriculture. Food and Consumer Service. Supplemental Food Program Division	United States. Department of Agriculture. Food and Consumer Service
https://lccn.loc.gov/n90625581	United States. Food Stamp Division	United States
https://lccn.loc.gov/n79120296	United States. Food and Nutrition Service	United States
https://lccn.loc.gov/no98105690	United States. Food and Nutrition Service. Contract Management Branch	United States. Food and Nutrition Service
https://lccn.loc.gov/n85285801	United States. Food and Nutrition Service. Food Distribution Division	United States. Food and Nutrition Service
https://lccn.loc.gov/no2008162908	United States. Food and Nutrition Service. Food Safety Staff	United States. Food and Nutrition Service
https://lccn.loc.gov/no2008162905	United States. Food and Nutrition Service. Food Safety Unit	United States. Food and Nutrition Service
https://lccn.loc.gov/n90629435	United States. Food and Nutrition Service. Mid-Atlantic Region	United States. Food and Nutrition Service
https://lccn.loc.gov/n87111315	United States. Food and Nutrition Service. Midwest Region	United States. Food and Nutrition Service
https://lccn.loc.gov/no95030505	United States. Food and Nutrition Service. Midwest Region. Child Nutrition Programs	United States. Food and Nutrition Service. Midwest Region
https://lccn.loc.gov/no90021781	United States. Food and Nutrition Service. Midwest Region. Office of Public Affairs	United States. Food and Nutrition Service. Midwest Region
https://lccn.loc.gov/n87118263	United States. Food and Nutrition Service. New England Regional Office	United States. Food and Nutrition Service
https://lccn.loc.gov/n88638237	United States. Food and Nutrition Service. Nutrition Science and Education Branch	United States. Food and Nutrition Service
https://lccn.loc.gov/n79119536	United States. Food and Nutrition Service. Nutrition and Technical Services Division	United States. Food and Nutrition Service
https://lccn.loc.gov/n85276663	United States. Food and Nutrition Service. Nutrition and Technical Services Division. Western Region	United States. Food and Nutrition Service. Nutrition and Technical Services Division
https://lccn.loc.gov/n85051300	United States. Food and Nutrition Service. Office of Analysis and Evaluation	United States. Food and Nutrition Service
https://lccn.loc.gov/no99069253	United States. Food and Nutrition Service. Office of Analysis, Nutrition, and Evaluation	United States. Food and Nutrition Service
https://lccn.loc.gov/no95007693	United States. Food and Nutrition Service. Office of Information	United States. Food and Nutrition Service
https://lccn.loc.gov/no2014120554	United States. Food and Nutrition Service. Office of Policy Support	United States. Food and Nutrition Service
https://lccn.loc.gov/n80003668	United States. Food and Nutrition Service. Office of Policy, Planning, and Evaluation	United States. Food and Nutrition Service
https://lccn.loc.gov/no2009120738	United States. Food and Nutrition Service. Office of Research and Analysis	United States. Food and Nutrition Service
https://lccn.loc.gov/no2009013613	United States. Food and Nutrition Service. Office of Research, Nutrition, and Analysis	United States. Food and Nutrition Service
https://lccn.loc.gov/n80136048	United States. Food and Nutrition Service. School Programs Division No. 2	United States. Food and Nutrition Service
https://lccn.loc.gov/n80136049	United States. Food and Nutrition Service. School Programs Division No. 2. Breakfast Outreach Team	United States. Food and Nutrition Service. School Programs Division No. 2
https://lccn.loc.gov/no92005128	United States. Food and Nutrition Service. Southeast Region	United States. Food and Nutrition Service
https://lccn.loc.gov/n88650962	United States. Food and Nutrition Service. Southwest Region	United States. Food and Nutrition Service
https://lccn.loc.gov/n78012492	United States. Food and Nutrition Service. Supplemental Food Program Division	United States. Food and Nutrition Service
https://lccn.loc.gov/n78057496	United States. National Advisory Council on Maternal, Infant, and Fetal Nutrition	United States
https://lccn.loc.gov/no2016121410	WIC Works Resource System	
